,Planned dates,MRP element,MRP elmnt data,Rescheduling date,Exception,Rec./reqd qty,Avail. Quantity,Plng Plant,Stor. Loc.,Rec P. Qty,Day of the Week
,11/26/2024,Stock,"On-Hold: 263,232.000 M",,82,0.000,"394,848",,,,Tuesday
,11/26/2024,SafeSt,Safety Stock,,,"-1,579,392","-1,184,544",,,1579.39-,Tuesday
,10/30/2024,PO,4500196146/00010,,10,"789,696","-394,848",,2000,789.70,Wednesday
,11/27/2024,PO,4500202241/00010,11/26/2024,10,"394,848",0,,2000,394.85,Wednesday
,11/29/2024,Transf,0225098183/00010,,,"-43,872","-43,872",ORM2,2000,43.87-,Friday
,11/29/2024,Transf,0225098555/00010,,,"-10,968","-54,840",FEN1,2000,10.97-,Friday
,11/30/2024,Transf,0225098184/00010,,,"-21,936","-76,776",ORM2,2000,21.94-,Saturday
,11/30/2024,Transf,0225098556/00010,,,"-10,968","-87,744",FEN1,2000,10.97-,Saturday
,12/2/2024,Transf,0225098185/00010,,,"-65,808","-153,552",ORM2,2000,65.81-,Monday
,12/2/2024,Transf,0225098557/00010,,,"-21,936","-175,488",FEN1,2000,21.94-,Monday
,12/3/2024,Transf,0225098186/00010,,,"-54,840","-230,328",ORM2,2000,54.84-,Tuesday
,12/3/2024,Transf,0225098558/00010,,,"-32,904","-263,232",FEN1,2000,32.90-,Tuesday
,12/4/2024,PO,4500203423/00010,11/29/2024,10,"1,184,544","921,312",,2000,1184.54,Wednesday
,12/4/2024,Transf,0225098187/00010,,,"-43,872","877,440",ORM2,2000,43.87-,Wednesday
,12/4/2024,Transf,0225098503/00010,,,"-10,968","866,472",LAN1,2000,10.97-,Wednesday
,12/4/2024,Transf,0225098559/00010,,,"-21,936","844,536",FEN1,2000,21.94-,Wednesday
,12/5/2024,Transf,0225098188/00010,,,"-54,840","789,696",ORM2,2000,54.84-,Thursday
,12/5/2024,Transf,0225098394/00010,,,"-32,904","756,792",CRE1,2000,32.90-,Thursday
,12/5/2024,Transf,0225098504/00010,,,"-32,904","723,888",LAN1,2000,32.90-,Thursday
,12/5/2024,Transf,0225098560/00010,,,"-32,904","690,984",FEN1,2000,32.90-,Thursday
,12/6/2024,Transf,0225098189/00010,,,"-43,872","647,112",ORM2,2000,43.87-,Friday
,12/6/2024,Transf,0225098561/00010,,,"-32,904","614,208",FEN1,2000,32.90-,Friday
,12/6/2024,Transf,0225157485/00010,,,"-76,776","537,432",CRE1,2000,76.78-,Friday
,12/7/2024,Transf,0225098190/00010,,,"-32,904","504,528",ORM2,2000,32.90-,Saturday
,12/7/2024,Transf,0225098396/00010,,,"-54,840","449,688",CRE1,2000,54.84-,Saturday
,12/7/2024,Transf,0225098562/00010,,,"-10,968","438,720",FEN1,2000,10.97-,Saturday
,12/11/2024,PO,4500203819/00010,12/12/2024,15,"1,184,544","1,623,264",,2000,1184.54,Wednesday
,12/12/2024,Transf,0225165767/00010,,,"-296,136","1,327,128",ORM2,2000,296.14-,Thursday
,12/12/2024,Transf,0225165829/00010,,,"-153,552","1,173,576",FEN1,2000,153.55-,Thursday
,12/17/2024,Transf,0225139557/00010,,,"-21,936","1,151,640",SEC2,2000,21.94-,Tuesday
,12/18/2024,PO,4500203822/00010,12/19/2024,15,"789,696","1,941,336",,2000,789.70,Wednesday
,12/19/2024,Transf,0225098398/00010,,,"-318,072","1,623,264",CRE1,2000,318.07-,Thursday
,12/19/2024,Transf,0225098506/00010,,,"-98,712","1,524,552",LAN1,2000,98.71-,Thursday
,12/19/2024,Transf,0225147731/00010,,,"-285,168","1,239,384",ORM2,2000,285.17-,Thursday
,12/19/2024,Transf,0225165784/00010,,,"-98,712","1,140,672",WOO1,2000,98.71-,Thursday
,12/19/2024,Transf,0225165830/00010,,,"-142,584","998,088",FEN1,2000,142.58-,Thursday
,12/23/2024,Transf,0225139558/00010,,,"-43,872","954,216",SEC2,2000,43.87-,Monday
,1/2/2025,Transf,0225098193/00010,,,"-65,808","888,408",ORM2,2000,65.81-,Thursday
,1/2/2025,Transf,0225098399/00010,,,"-164,520","723,888",CRE1,2000,164.52-,Thursday
,1/2/2025,Transf,0225165785/00010,,,"-76,776","647,112",WOO1,2000,76.78-,Thursday
,1/2/2025,Transf,0225165831/00010,,,"-76,776","570,336",FEN1,2000,76.78-,Thursday
,1/7/2025,P.R,0225165562/00010,,,"1,974,240","2,544,576",,2000,1974.24,Tuesday
,1/7/2025,Transf,0225139559/00010,,,"-186,456","2,358,120",SEC2,2000,186.46-,Tuesday
,1/9/2025,Transf,0225098400/00010,,,"-383,880","1,974,240",CRE1,2000,383.88-,Thursday
,1/9/2025,Transf,0225098507/00010,,,"-98,712","1,875,528",LAN1,2000,98.71-,Thursday
,1/9/2025,Transf,0225098566/00010,,,"-142,584","1,732,944",FEN1,2000,142.58-,Thursday
,1/9/2025,Transf,0225165768/00010,,,"-307,104","1,425,840",ORM2,2000,307.10-,Thursday
,1/9/2025,Transf,0225165786/00010,,,"-153,552","1,272,288",WOO1,2000,153.55-,Thursday
,1/9/2025,Transf,0225165810/00010,,,"-131,616","1,140,672",LOC1,2000,131.62-,Thursday
,1/14/2025,Transf,0225157507/00010,,,"-197,424","943,248",SEC2,2000,197.42-,Tuesday
,1/16/2025,P.R,0225140126/00010,,,"1,579,392","2,522,640",,2000,1579.39,Thursday
,1/16/2025,Transf,0225098401/00010,,,"-372,912","2,149,728",CRE1,2000,372.91-,Thursday
,1/16/2025,Transf,0225098508/00010,,,"-120,648","2,029,080",LAN1,2000,120.65-,Thursday
,1/16/2025,Transf,0225147677/00010,,,"-120,648","1,908,432",FEN1,2000,120.65-,Thursday
,1/16/2025,Transf,0225165769/00010,,,"-296,136","1,612,296",ORM2,2000,296.14-,Thursday
,1/16/2025,Transf,0225165778/00010,,,"-32,904","1,579,392",ORM1,2000,32.90-,Thursday
,1/16/2025,Transf,0225165787/00010,,,"-131,616","1,447,776",WOO1,2000,131.62-,Thursday
,1/16/2025,Transf,0225165811/00010,,,"-230,328","1,217,448",LOC1,2000,230.33-,Thursday
,1/21/2025,Transf,0225157508/00010,,,"-175,488","1,041,960",SEC2,2000,175.49-,Tuesday
,1/23/2025,P.R,0225140127/00010,,,"1,184,544","2,226,504",,2000,1184.54,Thursday
,1/23/2025,Transf,0225098402/00010,,,"-296,136","1,930,368",CRE1,2000,296.14-,Thursday
,1/23/2025,Transf,0225098509/00010,,,"-65,808","1,864,560",LAN1,2000,65.81-,Thursday
,1/23/2025,Transf,0225147655/00010,,,"-120,648","1,743,912",WOO1,2000,120.65-,Thursday
,1/23/2025,Transf,0225147733/00010,,,"-241,296","1,502,616",ORM2,2000,241.30-,Thursday
,1/23/2025,Transf,0225147747/00010,,,"-208,392","1,294,224",LOC1,2000,208.39-,Thursday
,1/23/2025,Transf,0225165779/00010,,,"-65,808","1,228,416",ORM1,2000,65.81-,Thursday
,1/23/2025,Transf,0225165832/00010,,,"-131,616","1,096,800",FEN1,2000,131.62-,Thursday
,1/28/2025,Transf,0225139562/00010,,,"-186,456","910,344",SEC2,2000,186.46-,Tuesday
,1/30/2025,P.R,0225140128/00010,,,"1,184,544","2,094,888",,2000,1184.54,Thursday
,1/30/2025,Transf,0225098197/00010,,,"-263,232","1,831,656",ORM2,2000,263.23-,Thursday
,1/30/2025,Transf,0225098349/00010,,,"-120,648","1,711,008",WOO1,2000,120.65-,Thursday
,1/30/2025,Transf,0225098403/00010,,,"-318,072","1,392,936",CRE1,2000,318.07-,Thursday
,1/30/2025,Transf,0225098510/00010,,,"-76,776","1,316,160",LAN1,2000,76.78-,Thursday
,1/30/2025,Transf,0225147770/00010,,,"-65,808","1,250,352",ORM1,2000,65.81-,Thursday
,1/30/2025,Transf,0225165812/00010,,,"-208,392","1,041,960",LOC1,2000,208.39-,Thursday
,1/30/2025,Transf,0225165833/00010,,,"-153,552","888,408",FEN1,2000,153.55-,Thursday
,2/4/2025,P.R,0225140124/00010,,,"1,579,392","2,467,800",,2000,1579.39,Tuesday
,2/4/2025,Transf,0225157509/00010,,,"-197,424","2,270,376",SEC2,2000,197.42-,Tuesday
,2/6/2025,Transf,0225098198/00010,,,"-263,232","2,007,144",ORM2,2000,263.23-,Thursday
,2/6/2025,Transf,0225098350/00010,,,"-120,648","1,886,496",WOO1,2000,120.65-,Thursday
,2/6/2025,Transf,0225098404/00010,,,"-318,072","1,568,424",CRE1,2000,318.07-,Thursday
,2/6/2025,Transf,0225098511/00010,,,"-76,776","1,491,648",LAN1,2000,76.78-,Thursday
,2/6/2025,Transf,0225098570/00010,,,"-142,584","1,349,064",FEN1,2000,142.58-,Thursday
,2/6/2025,Transf,0225099052/00010,,,"-76,776","1,272,288",ORM1,2000,76.78-,Thursday
,2/6/2025,Transf,0225165813/00010,,,"-219,360","1,052,928",LOC1,2000,219.36-,Thursday
,2/11/2025,P.R,0225140130/00010,,,"1,974,240","3,027,168",,2000,1974.24,Tuesday
,2/11/2025,Transf,0225157510/00010,,,"-186,456","2,840,712",SEC2,2000,186.46-,Tuesday
,2/13/2025,Transf,0225098199/00010,,,"-263,232","2,577,480",ORM2,2000,263.23-,Thursday
,2/13/2025,Transf,0225098351/00010,,,"-120,648","2,456,832",WOO1,2000,120.65-,Thursday
,2/13/2025,Transf,0225098405/00010,,,"-318,072","2,138,760",CRE1,2000,318.07-,Thursday
,2/13/2025,Transf,0225098512/00010,,,"-76,776","2,061,984",LAN1,2000,76.78-,Thursday
,2/13/2025,Transf,0225098619/00010,,,"-219,360","1,842,624",LOC1,2000,219.36-,Thursday
,2/13/2025,Transf,0225099053/00010,,,"-65,808","1,776,816",ORM1,2000,65.81-,Thursday
,2/13/2025,Transf,0225147679/00010,,,"-153,552","1,623,264",FEN1,2000,153.55-,Thursday
,2/18/2025,Transf,0225139565/00010,,,"-186,456","1,436,808",SEC2,2000,186.46-,Tuesday
,2/20/2025,P.R,0225140131/00010,,,"789,696","2,226,504",,2000,789.70,Thursday
,2/20/2025,Transf,0225098200/00010,,,"-263,232","1,963,272",ORM2,2000,263.23-,Thursday
,2/20/2025,Transf,0225098352/00010,,,"-120,648","1,842,624",WOO1,2000,120.65-,Thursday
,2/20/2025,Transf,0225098406/00010,,,"-318,072","1,524,552",CRE1,2000,318.07-,Thursday
,2/20/2025,Transf,0225098513/00010,,,"-76,776","1,447,776",LAN1,2000,76.78-,Thursday
,2/20/2025,Transf,0225098620/00010,,,"-219,360","1,228,416",LOC1,2000,219.36-,Thursday
,2/20/2025,Transf,0225099054/00010,,,"-76,776","1,151,640",ORM1,2000,76.78-,Thursday
,2/20/2025,Transf,0225147680/00010,,,"-142,584","1,009,056",FEN1,2000,142.58-,Thursday
,2/25/2025,Transf,0225139566/00010,,,"-142,584","866,472",SEC2,2000,142.58-,Tuesday
,2/27/2025,P.R,0225140180/00010,,,"1,579,392","2,445,864",,2000,1579.39,Thursday
,2/27/2025,Transf,0225098201/00010,,,"-274,200","2,171,664",ORM2,2000,274.20-,Thursday
,2/27/2025,Transf,0225098407/00010,,,"-329,040","1,842,624",CRE1,2000,329.04-,Thursday
,2/27/2025,Transf,0225098514/00010,,,"-76,776","1,765,848",LAN1,2000,76.78-,Thursday
,2/27/2025,Transf,0225098621/00010,,,"-230,328","1,535,520",LOC1,2000,230.33-,Thursday
,2/27/2025,Transf,0225147656/00010,,,"-120,648","1,414,872",WOO1,2000,120.65-,Thursday
,2/27/2025,Transf,0225147771/00010,,,"-76,776","1,338,096",ORM1,2000,76.78-,Thursday
,2/27/2025,Transf,0225165834/00010,,,"-142,584","1,195,512",FEN1,2000,142.58-,Thursday
,3/4/2025,Transf,0225139567/00010,,,"-142,584","1,052,928",SEC2,2000,142.58-,Tuesday
,3/6/2025,P.R,0225140133/00010,,,"1,184,544","2,237,472",,2000,1184.54,Thursday
,3/6/2025,Transf,0225098354/00010,,,"-131,616","2,105,856",WOO1,2000,131.62-,Thursday
,3/6/2025,Transf,0225098408/00010,,,"-329,040","1,776,816",CRE1,2000,329.04-,Thursday
,3/6/2025,Transf,0225098515/00010,,,"-76,776","1,700,040",LAN1,2000,76.78-,Thursday
,3/6/2025,Transf,0225099056/00010,,,"-76,776","1,623,264",ORM1,2000,76.78-,Thursday
,3/6/2025,Transf,0225147734/00010,,,"-285,168","1,338,096",ORM2,2000,285.17-,Thursday
,3/6/2025,Transf,0225165814/00010,,,"-230,328","1,107,768",LOC1,2000,230.33-,Thursday
,3/6/2025,Transf,0225165835/00010,,,"-153,552","954,216",FEN1,2000,153.55-,Thursday
,3/11/2025,P.R,0225140134/00010,,,"1,579,392","2,533,608",,2000,1579.39,Tuesday
,3/11/2025,Transf,0225139568/00010,,,"-142,584","2,391,024",SEC2,2000,142.58-,Tuesday
,3/13/2025,Transf,0225098409/00010,,,"-329,040","2,061,984",CRE1,2000,329.04-,Thursday
,3/13/2025,Transf,0225098516/00010,,,"-76,776","1,985,208",LAN1,2000,76.78-,Thursday
,3/13/2025,Transf,0225098623/00010,,,"-230,328","1,754,880",LOC1,2000,230.33-,Thursday
,3/13/2025,Transf,0225147683/00010,,,"-153,552","1,601,328",FEN1,2000,153.55-,Thursday
,3/13/2025,Transf,0225147735/00010,,,"-274,200","1,327,128",ORM2,2000,274.20-,Thursday
,3/13/2025,Transf,0225147772/00010,,,"-65,808","1,261,320",ORM1,2000,65.81-,Thursday
,3/13/2025,Transf,0225165788/00010,,,"-131,616","1,129,704",WOO1,2000,131.62-,Thursday
,3/18/2025,Transf,0225139569/00010,,,"-142,584","987,120",SEC2,2000,142.58-,Tuesday
,3/20/2025,P.R,0225140135/00010,,,"1,184,544","2,171,664",,2000,1184.54,Thursday
,3/20/2025,Transf,0225098410/00010,,,"-329,040","1,842,624",CRE1,2000,329.04-,Thursday
,3/20/2025,Transf,0225098517/00010,,,"-76,776","1,765,848",LAN1,2000,76.78-,Thursday
,3/20/2025,Transf,0225099058/00010,,,"-76,776","1,689,072",ORM1,2000,76.78-,Thursday
,3/20/2025,Transf,0225147736/00010,,,"-285,168","1,403,904",ORM2,2000,285.17-,Thursday
,3/20/2025,Transf,0225165789/00010,,,"-120,648","1,283,256",WOO1,2000,120.65-,Thursday
,3/20/2025,Transf,0225165815/00010,,,"-241,296","1,041,960",LOC1,2000,241.30-,Thursday
,3/20/2025,Transf,0225165836/00010,,,"-142,584","899,376",FEN1,2000,142.58-,Thursday
,3/25/2025,P.R,0225140129/00010,,,"1,579,392","2,478,768",,2000,1579.39,Tuesday
,3/25/2025,Transf,0225139570/00010,,,"-142,584","2,336,184",SEC2,2000,142.58-,Tuesday
,3/27/2025,Transf,0225098357/00010,,,"-120,648","2,215,536",WOO1,2000,120.65-,Thursday
,3/27/2025,Transf,0225098625/00010,,,"-208,392","2,007,144",LOC1,2000,208.39-,Thursday
,3/27/2025,Transf,0225147773/00010,,,"-87,744","1,919,400",ORM1,2000,87.74-,Thursday
,3/27/2025,Transf,0225157486/00010,,,"-307,104","1,612,296",CRE1,2000,307.10-,Thursday
,3/27/2025,Transf,0225165770/00010,,,"-252,264","1,360,032",ORM2,2000,252.26-,Thursday
,3/27/2025,Transf,0225165796/00010,,,"-65,808","1,294,224",LAN1,2000,65.81-,Thursday
,3/27/2025,Transf,0225165837/00010,,,"-142,584","1,151,640",FEN1,2000,142.58-,Thursday
,4/1/2025,Transf,0225139571/00010,,,"-153,552","998,088",SEC2,2000,153.55-,Tuesday
,4/3/2025,P.R,0225140137/00010,,,"1,184,544","2,182,632",,2000,1184.54,Thursday
,4/3/2025,Transf,0225098358/00010,,,"-120,648","2,061,984",WOO1,2000,120.65-,Thursday
,4/3/2025,Transf,0225098578/00010,,,"-142,584","1,919,400",FEN1,2000,142.58-,Thursday
,4/3/2025,Transf,0225098626/00010,,,"-208,392","1,711,008",LOC1,2000,208.39-,Thursday
,4/3/2025,Transf,0225147774/00010,,,"-76,776","1,634,232",ORM1,2000,76.78-,Thursday
,4/3/2025,Transf,0225157487/00010,,,"-318,072","1,316,160",CRE1,2000,318.07-,Thursday
,4/3/2025,Transf,0225165771/00010,,,"-263,232","1,052,928",ORM2,2000,263.23-,Thursday
,4/3/2025,Transf,0225165797/00010,,,"-76,776","976,152",LAN1,2000,76.78-,Thursday
,4/8/2025,Transf,0225157511/00010,,,"-153,552","822,600",SEC2,2000,153.55-,Tuesday
,4/10/2025,P.R,0225140132/00010,,,"1,579,392","2,401,992",,2000,1579.39,Thursday
,4/10/2025,Transf,0225098207/00010,,,"-263,232","2,138,760",ORM2,2000,263.23-,Thursday
,4/10/2025,Transf,0225098359/00010,,,"-120,648","2,018,112",WOO1,2000,120.65-,Thursday
,4/10/2025,Transf,0225098413/00010,,,"-318,072","1,700,040",CRE1,2000,318.07-,Thursday
,4/10/2025,Transf,0225098579/00010,,,"-142,584","1,557,456",FEN1,2000,142.58-,Thursday
,4/10/2025,Transf,0225098627/00010,,,"-208,392","1,349,064",LOC1,2000,208.39-,Thursday
,4/10/2025,Transf,0225165780/00010,,,"-87,744","1,261,320",ORM1,2000,87.74-,Thursday
,4/10/2025,Transf,0225165798/00010,,,"-65,808","1,195,512",LAN1,2000,65.81-,Thursday
,4/15/2025,Transf,0225157512/00010,,,"-142,584","1,052,928",SEC2,2000,142.58-,Tuesday
,4/17/2025,P.R,0225140136/00010,,,"1,974,240","3,027,168",,2000,1974.24,Thursday
,4/17/2025,Transf,0225147685/00010,,,"-142,584","2,884,584",FEN1,2000,142.58-,Thursday
,4/17/2025,Transf,0225147738/00010,,,"-263,232","2,621,352",ORM2,2000,263.23-,Thursday
,4/17/2025,Transf,0225147752/00010,,,"-208,392","2,412,960",LOC1,2000,208.39-,Thursday
,4/17/2025,Transf,0225157488/00010,,,"-307,104","2,105,856",CRE1,2000,307.10-,Thursday
,4/17/2025,Transf,0225165781/00010,,,"-76,776","2,029,080",ORM1,2000,76.78-,Thursday
,4/17/2025,Transf,0225165790/00010,,,"-131,616","1,897,464",WOO1,2000,131.62-,Thursday
,4/17/2025,Transf,0225165799/00010,,,"-76,776","1,820,688",LAN1,2000,76.78-,Thursday
,4/22/2025,Transf,0225139574/00010,,,"-153,552","1,667,136",SEC2,2000,153.55-,Tuesday
,4/24/2025,P.R,0225140140/00010,,,"394,848","2,061,984",,2000,394.85,Thursday
,4/24/2025,Transf,0225098209/00010,,,"-274,200","1,787,784",ORM2,2000,274.20-,Thursday
,4/24/2025,Transf,0225098415/00010,,,"-307,104","1,480,680",CRE1,2000,307.10-,Thursday
,4/24/2025,Transf,0225147686/00010,,,"-142,584","1,338,096",FEN1,2000,142.58-,Thursday
,4/24/2025,Transf,0225147753/00010,,,"-208,392","1,129,704",LOC1,2000,208.39-,Thursday
,4/24/2025,Transf,0225147775/00010,,,"-87,744","1,041,960",ORM1,2000,87.74-,Thursday
,4/24/2025,Transf,0225165791/00010,,,"-120,648","921,312",WOO1,2000,120.65-,Thursday
,4/24/2025,Transf,0225165800/00010,,,"-65,808","855,504",LAN1,2000,65.81-,Thursday
,4/29/2025,P.R,0225140125/00010,,,"1,579,392","2,434,896",,2000,1579.39,Tuesday
,4/29/2025,Transf,0225157513/00010,,,"-164,520","2,270,376",SEC2,2000,164.52-,Tuesday
,5/1/2025,Transf,0225098210/00010,,,"-274,200","1,996,176",ORM2,2000,274.20-,Thursday
,5/1/2025,Transf,0225098416/00010,,,"-307,104","1,689,072",CRE1,2000,307.10-,Thursday
,5/1/2025,Transf,0225098582/00010,,,"-153,552","1,535,520",FEN1,2000,153.55-,Thursday
,5/1/2025,Transf,0225098630/00010,,,"-208,392","1,327,128",LOC1,2000,208.39-,Thursday
,5/1/2025,Transf,0225147658/00010,,,"-120,648","1,206,480",WOO1,2000,120.65-,Thursday
,5/1/2025,Transf,0225147776/00010,,,"-76,776","1,129,704",ORM1,2000,76.78-,Thursday
,5/1/2025,Transf,0225165801/00010,,,"-76,776","1,052,928",LAN1,2000,76.78-,Thursday
,5/6/2025,Transf,0225157514/00010,,,"-153,552","899,376",SEC2,2000,153.55-,Tuesday
,5/8/2025,P.R,0225140142/00010,,,"1,184,544","2,083,920",,2000,1184.54,Thursday
,5/8/2025,Transf,0225098211/00010,,,"-274,200","1,809,720",ORM2,2000,274.20-,Thursday
,5/8/2025,Transf,0225098363/00010,,,"-120,648","1,689,072",WOO1,2000,120.65-,Thursday
,5/8/2025,Transf,0225098417/00010,,,"-307,104","1,381,968",CRE1,2000,307.10-,Thursday
,5/8/2025,Transf,0225098524/00010,,,"-76,776","1,305,192",LAN1,2000,76.78-,Thursday
,5/8/2025,Transf,0225098631/00010,,,"-208,392","1,096,800",LOC1,2000,208.39-,Thursday
,5/8/2025,Transf,0225099065/00010,,,"-87,744","1,009,056",ORM1,2000,87.74-,Thursday
,5/8/2025,Transf,0225165838/00010,,,"-142,584","866,472",FEN1,2000,142.58-,Thursday
,5/13/2025,P.R,0225140139/00010,,,"2,369,088","3,235,560",,2000,2369.09,Tuesday
,5/13/2025,Transf,0225139577/00010,,,"-153,552","3,082,008",SEC2,2000,153.55-,Tuesday
,5/15/2025,Transf,0225098212/00010,,,"-274,200","2,807,808",ORM2,2000,274.20-,Thursday
,5/15/2025,Transf,0225147777/00010,,,"-87,744","2,720,064",ORM1,2000,87.74-,Thursday
,5/15/2025,Transf,0225157489/00010,,,"-318,072","2,401,992",CRE1,2000,318.07-,Thursday
,5/15/2025,Transf,0225165792/00010,,,"-131,616","2,270,376",WOO1,2000,131.62-,Thursday
,5/15/2025,Transf,0225165802/00010,,,"-65,808","2,204,568",LAN1,2000,65.81-,Thursday
,5/15/2025,Transf,0225165816/00010,,,"-208,392","1,996,176",LOC1,2000,208.39-,Thursday
,5/15/2025,Transf,0225165839/00010,,,"-153,552","1,842,624",FEN1,2000,153.55-,Thursday
,5/20/2025,Transf,0225139578/00010,,,"-153,552","1,689,072",SEC2,2000,153.55-,Tuesday
,5/22/2025,P.R,0225140144/00010,,,"394,848","2,083,920",,2000,394.85,Thursday
,5/22/2025,Transf,0225098365/00010,,,"-120,648","1,963,272",WOO1,2000,120.65-,Thursday
,5/22/2025,Transf,0225098419/00010,,,"-318,072","1,645,200",CRE1,2000,318.07-,Thursday
,5/22/2025,Transf,0225098585/00010,,,"-142,584","1,502,616",FEN1,2000,142.58-,Thursday
,5/22/2025,Transf,0225098633/00010,,,"-208,392","1,294,224",LOC1,2000,208.39-,Thursday
,5/22/2025,Transf,0225147739/00010,,,"-263,232","1,030,992",ORM2,2000,263.23-,Thursday
,5/22/2025,Transf,0225165782/00010,,,"-87,744","943,248",ORM1,2000,87.74-,Thursday
,5/22/2025,Transf,0225165803/00010,,,"-76,776","866,472",LAN1,2000,76.78-,Thursday
,5/27/2025,P.R,0225140143/00010,,,"1,579,392","2,445,864",,2000,1579.39,Tuesday
,5/27/2025,Transf,0225139579/00010,,,"-142,584","2,303,280",SEC2,2000,142.58-,Tuesday
,5/29/2025,Transf,0225098214/00010,,,"-263,232","2,040,048",ORM2,2000,263.23-,Thursday
,5/29/2025,Transf,0225098420/00010,,,"-318,072","1,721,976",CRE1,2000,318.07-,Thursday
,5/29/2025,Transf,0225098527/00010,,,"-76,776","1,645,200",LAN1,2000,76.78-,Thursday
,5/29/2025,Transf,0225098634/00010,,,"-208,392","1,436,808",LOC1,2000,208.39-,Thursday
,5/29/2025,Transf,0225165783/00010,,,"-76,776","1,360,032",ORM1,2000,76.78-,Thursday
,5/29/2025,Transf,0225165793/00010,,,"-109,680","1,250,352",WOO1,2000,109.68-,Thursday
,5/29/2025,Transf,0225165840/00010,,,"-142,584","1,107,768",FEN1,2000,142.58-,Thursday
,6/3/2025,Transf,0225139580/00010,,,"-153,552","954,216",SEC2,2000,153.55-,Tuesday
,6/5/2025,P.R,0225140146/00010,,,"1,184,544","2,138,760",,2000,1184.54,Thursday
,6/5/2025,Transf,0225098215/00010,,,"-263,232","1,875,528",ORM2,2000,263.23-,Thursday
,6/5/2025,Transf,0225098367/00010,,,"-120,648","1,754,880",WOO1,2000,120.65-,Thursday
,6/5/2025,Transf,0225098528/00010,,,"-76,776","1,678,104",LAN1,2000,76.78-,Thursday
,6/5/2025,Transf,0225099069/00010,,,"-87,744","1,590,360",ORM1,2000,87.74-,Thursday
,6/5/2025,Transf,0225157490/00010,,,"-318,072","1,272,288",CRE1,2000,318.07-,Thursday
,6/5/2025,Transf,0225165817/00010,,,"-208,392","1,063,896",LOC1,2000,208.39-,Thursday
,6/5/2025,Transf,0225165841/00010,,,"-153,552","910,344",FEN1,2000,153.55-,Thursday
,6/10/2025,P.R,0225140145/00010,,,"1,579,392","2,489,736",,2000,1579.39,Tuesday
,6/10/2025,Transf,0225139581/00010,,,"-153,552","2,336,184",SEC2,2000,153.55-,Tuesday
,6/12/2025,Transf,0225098216/00010,,,"-263,232","2,072,952",ORM2,2000,263.23-,Thursday
,6/12/2025,Transf,0225098368/00010,,,"-120,648","1,952,304",WOO1,2000,120.65-,Thursday
,6/12/2025,Transf,0225098422/00010,,,"-318,072","1,634,232",CRE1,2000,318.07-,Thursday
,6/12/2025,Transf,0225098529/00010,,,"-76,776","1,557,456",LAN1,2000,76.78-,Thursday
,6/12/2025,Transf,0225098636/00010,,,"-208,392","1,349,064",LOC1,2000,208.39-,Thursday
,6/12/2025,Transf,0225147690/00010,,,"-142,584","1,206,480",FEN1,2000,142.58-,Thursday
,6/12/2025,Transf,0225147779/00010,,,"-87,744","1,118,736",ORM1,2000,87.74-,Thursday
,6/17/2025,Transf,0225139582/00010,,,"-153,552","965,184",SEC2,2000,153.55-,Tuesday
,6/19/2025,P.R,0225140148/00010,,,"1,184,544","2,149,728",,2000,1184.54,Thursday
,6/19/2025,Transf,0225098217/00010,,,"-263,232","1,886,496",ORM2,2000,263.23-,Thursday
,6/19/2025,Transf,0225098369/00010,,,"-120,648","1,765,848",WOO1,2000,120.65-,Thursday
,6/19/2025,Transf,0225098530/00010,,,"-76,776","1,689,072",LAN1,2000,76.78-,Thursday
,6/19/2025,Transf,0225098637/00010,,,"-208,392","1,480,680",LOC1,2000,208.39-,Thursday
,6/19/2025,Transf,0225147780/00010,,,"-76,776","1,403,904",ORM1,2000,76.78-,Thursday
,6/19/2025,Transf,0225157491/00010,,,"-350,976","1,052,928",CRE1,2000,350.98-,Thursday
,6/19/2025,Transf,0225165842/00010,,,"-131,616","921,312",FEN1,2000,131.62-,Thursday
,6/24/2025,P.R,0225140147/00010,,,"2,369,088","3,290,400",,2000,2369.09,Tuesday
,6/24/2025,Transf,0225139583/00010,,,"-153,552","3,136,848",SEC2,2000,153.55-,Tuesday
,6/26/2025,Transf,0225098218/00010,,,"-263,232","2,873,616",ORM2,2000,263.23-,Thursday
,6/26/2025,Transf,0225098370/00010,,,"-120,648","2,752,968",WOO1,2000,120.65-,Thursday
,6/26/2025,Transf,0225098424/00010,,,"-340,008","2,412,960",CRE1,2000,340.01-,Thursday
,6/26/2025,Transf,0225098638/00010,,,"-197,424","2,215,536",LOC1,2000,197.42-,Thursday
,6/26/2025,Transf,0225099072/00010,,,"-76,776","2,138,760",ORM1,2000,76.78-,Thursday
,6/26/2025,Transf,0225165804/00010,,,"-65,808","2,072,952",LAN1,2000,65.81-,Thursday
,6/26/2025,Transf,0225165843/00010,,,"-142,584","1,930,368",FEN1,2000,142.58-,Thursday
,6/30/2025,Transf,0225139584/00010,,,"-153,552","1,776,816",SEC2,2000,153.55-,Monday
,7/3/2025,P.R,0225140150/00010,,,"394,848","2,171,664",,2000,394.85,Thursday
,7/3/2025,Transf,0225098219/00010,,,"-263,232","1,908,432",ORM2,2000,263.23-,Thursday
,7/3/2025,Transf,0225098371/00010,,,"-120,648","1,787,784",WOO1,2000,120.65-,Thursday
,7/3/2025,Transf,0225098425/00010,,,"-340,008","1,447,776",CRE1,2000,340.01-,Thursday
,7/3/2025,Transf,0225098591/00010,,,"-142,584","1,305,192",FEN1,2000,142.58-,Thursday
,7/3/2025,Transf,0225098639/00010,,,"-208,392","1,096,800",LOC1,2000,208.39-,Thursday
,7/3/2025,Transf,0225147781/00010,,,"-87,744","1,009,056",ORM1,2000,87.74-,Thursday
,7/3/2025,Transf,0225165805/00010,,,"-76,776","932,280",LAN1,2000,76.78-,Thursday
,7/8/2025,P.R,0225140151/00010,,,"1,579,392","2,511,672",,2000,1579.39,Tuesday
,7/8/2025,Transf,0225139585/00010,,,"-164,520","2,347,152",SEC2,2000,164.52-,Tuesday
,7/10/2025,Transf,0225098220/00010,,,"-263,232","2,083,920",ORM2,2000,263.23-,Thursday
,7/10/2025,Transf,0225098372/00010,,,"-120,648","1,963,272",WOO1,2000,120.65-,Thursday
,7/10/2025,Transf,0225098426/00010,,,"-340,008","1,623,264",CRE1,2000,340.01-,Thursday
,7/10/2025,Transf,0225098533/00010,,,"-76,776","1,546,488",LAN1,2000,76.78-,Thursday
,7/10/2025,Transf,0225098640/00010,,,"-197,424","1,349,064",LOC1,2000,197.42-,Thursday
,7/10/2025,Transf,0225147693/00010,,,"-142,584","1,206,480",FEN1,2000,142.58-,Thursday
,7/10/2025,Transf,0225147782/00010,,,"-76,776","1,129,704",ORM1,2000,76.78-,Thursday
,7/15/2025,Transf,0225139586/00010,,,"-153,552","976,152",SEC2,2000,153.55-,Tuesday
,7/17/2025,P.R,0225140152/00010,,,"1,184,544","2,160,696",,2000,1184.54,Thursday
,7/17/2025,Transf,0225098221/00010,,,"-252,264","1,908,432",ORM2,2000,252.26-,Thursday
,7/17/2025,Transf,0225098534/00010,,,"-76,776","1,831,656",LAN1,2000,76.78-,Thursday
,7/17/2025,Transf,0225147694/00010,,,"-131,616","1,700,040",FEN1,2000,131.62-,Thursday
,7/17/2025,Transf,0225147783/00010,,,"-76,776","1,623,264",ORM1,2000,76.78-,Thursday
,7/17/2025,Transf,0225157492/00010,,,"-361,944","1,261,320",CRE1,2000,361.94-,Thursday
,7/17/2025,Transf,0225165794/00010,,,"-120,648","1,140,672",WOO1,2000,120.65-,Thursday
,7/17/2025,Transf,0225165818/00010,,,"-186,456","954,216",LOC1,2000,186.46-,Thursday
,7/22/2025,P.R,0225140153/00010,,,"1,579,392","2,533,608",,2000,1579.39,Tuesday
,7/22/2025,Transf,0225139587/00010,,,"-153,552","2,380,056",SEC2,2000,153.55-,Tuesday
,7/24/2025,Transf,0225098222/00010,,,"-252,264","2,127,792",ORM2,2000,252.26-,Thursday
,7/24/2025,Transf,0225098535/00010,,,"-76,776","2,051,016",LAN1,2000,76.78-,Thursday
,7/24/2025,Transf,0225098594/00010,,,"-131,616","1,919,400",FEN1,2000,131.62-,Thursday
,7/24/2025,Transf,0225147784/00010,,,"-65,808","1,853,592",ORM1,2000,65.81-,Thursday
,7/24/2025,Transf,0225157493/00010,,,"-372,912","1,480,680",CRE1,2000,372.91-,Thursday
,7/24/2025,Transf,0225165795/00010,,,"-109,680","1,371,000",WOO1,2000,109.68-,Thursday
,7/24/2025,Transf,0225165819/00010,,,"-197,424","1,173,576",LOC1,2000,197.42-,Thursday
,7/29/2025,Transf,0225139588/00010,,,"-164,520","1,009,056",SEC2,2000,164.52-,Tuesday
,7/31/2025,P.R,0225140154/00010,,,"1,974,240","2,983,296",,2000,1974.24,Thursday
,7/31/2025,Transf,0225098223/00010,,,"-252,264","2,731,032",ORM2,2000,252.26-,Thursday
,7/31/2025,Transf,0225098429/00010,,,"-372,912","2,358,120",CRE1,2000,372.91-,Thursday
,7/31/2025,Transf,0225098536/00010,,,"-76,776","2,281,344",LAN1,2000,76.78-,Thursday
,7/31/2025,Transf,0225147660/00010,,,"-109,680","2,171,664",WOO1,2000,109.68-,Thursday
,7/31/2025,Transf,0225147785/00010,,,"-76,776","2,094,888",ORM1,2000,76.78-,Thursday
,7/31/2025,Transf,0225165820/00010,,,"-186,456","1,908,432",LOC1,2000,186.46-,Thursday
,7/31/2025,Transf,0225165844/00010,,,"-131,616","1,776,816",FEN1,2000,131.62-,Thursday
,8/5/2025,Transf,0225139589/00010,,,"-153,552","1,623,264",SEC2,2000,153.55-,Tuesday
,8/7/2025,P.R,0225140155/00010,,,"394,848","2,018,112",,2000,394.85,Thursday
,8/7/2025,Transf,0225098224/00010,,,"-252,264","1,765,848",ORM2,2000,252.26-,Thursday
,8/7/2025,Transf,0225098376/00010,,,"-109,680","1,656,168",WOO1,2000,109.68-,Thursday
,8/7/2025,Transf,0225098430/00010,,,"-361,944","1,294,224",CRE1,2000,361.94-,Thursday
,8/7/2025,Transf,0225147786/00010,,,"-65,808","1,228,416",ORM1,2000,65.81-,Thursday
,8/7/2025,Transf,0225165806/00010,,,"-65,808","1,162,608",LAN1,2000,65.81-,Thursday
,8/7/2025,Transf,0225165821/00010,,,"-197,424","965,184",LOC1,2000,197.42-,Thursday
,8/7/2025,Transf,0225165845/00010,,,"-142,584","822,600",FEN1,2000,142.58-,Thursday
,8/12/2025,P.R,0225140141/00010,,,"1,579,392","2,401,992",,2000,1579.39,Tuesday
,8/12/2025,Transf,0225157515/00010,,,"-164,520","2,237,472",SEC2,2000,164.52-,Tuesday
,8/14/2025,Transf,0225098225/00010,,,"-263,232","1,974,240",ORM2,2000,263.23-,Thursday
,8/14/2025,Transf,0225098377/00010,,,"-120,648","1,853,592",WOO1,2000,120.65-,Thursday
,8/14/2025,Transf,0225098645/00010,,,"-197,424","1,656,168",LOC1,2000,197.42-,Thursday
,8/14/2025,Transf,0225099079/00010,,,"-87,744","1,568,424",ORM1,2000,87.74-,Thursday
,8/14/2025,Transf,0225147696/00010,,,"-142,584","1,425,840",FEN1,2000,142.58-,Thursday
,8/14/2025,Transf,0225157494/00010,,,"-350,976","1,074,864",CRE1,2000,350.98-,Thursday
,8/14/2025,Transf,0225165807/00010,,,"-76,776","998,088",LAN1,2000,76.78-,Thursday
,8/19/2025,Transf,0225157516/00010,,,"-153,552","844,536",SEC2,2000,153.55-,Tuesday
,8/21/2025,P.R,0225140157/00010,,,"1,579,392","2,423,928",,2000,1579.39,Thursday
,8/21/2025,Transf,0225098378/00010,,,"-120,648","2,303,280",WOO1,2000,120.65-,Thursday
,8/21/2025,Transf,0225099080/00010,,,"-87,744","2,215,536",ORM1,2000,87.74-,Thursday
,8/21/2025,Transf,0225143892/00010,,,"-76,776","2,138,760",LAN1,2000,76.78-,Thursday
,8/21/2025,Transf,0225157495/00010,,,"-361,944","1,776,816",CRE1,2000,361.94-,Thursday
,8/21/2025,Transf,0225165772/00010,,,"-263,232","1,513,584",ORM2,2000,263.23-,Thursday
,8/21/2025,Transf,0225165822/00010,,,"-197,424","1,316,160",LOC1,2000,197.42-,Thursday
,8/21/2025,Transf,0225165846/00010,,,"-142,584","1,173,576",FEN1,2000,142.58-,Thursday
,8/26/2025,Transf,0225139592/00010,,,"-153,552","1,020,024",SEC2,2000,153.55-,Tuesday
,8/28/2025,P.R,0225140158/00010,,,"1,974,240","2,994,264",,2000,1974.24,Thursday
,8/28/2025,Transf,0225098379/00010,,,"-120,648","2,873,616",WOO1,2000,120.65-,Thursday
,8/28/2025,Transf,0225098433/00010,,,"-350,976","2,522,640",CRE1,2000,350.98-,Thursday
,8/28/2025,Transf,0225098540/00010,,,"-76,776","2,445,864",LAN1,2000,76.78-,Thursday
,8/28/2025,Transf,0225099081/00010,,,"-87,744","2,358,120",ORM1,2000,87.74-,Thursday
,8/28/2025,Transf,0225165773/00010,,,"-274,200","2,083,920",ORM2,2000,274.20-,Thursday
,8/28/2025,Transf,0225165823/00010,,,"-208,392","1,875,528",LOC1,2000,208.39-,Thursday
,8/28/2025,Transf,0225165847/00010,,,"-153,552","1,721,976",FEN1,2000,153.55-,Thursday
,9/2/2025,Transf,0225157517/00010,,,"-164,520","1,557,456",SEC2,2000,164.52-,Tuesday
,9/4/2025,P.R,0225140159/00010,,,"789,696","2,347,152",,2000,789.70,Thursday
,9/4/2025,Transf,0225098380/00010,,,"-120,648","2,226,504",WOO1,2000,120.65-,Thursday
,9/4/2025,Transf,0225098541/00010,,,"-76,776","2,149,728",LAN1,2000,76.78-,Thursday
,9/4/2025,Transf,0225098648/00010,,,"-197,424","1,952,304",LOC1,2000,197.42-,Thursday
,9/4/2025,Transf,0225147741/00010,,,"-263,232","1,689,072",ORM2,2000,263.23-,Thursday
,9/4/2025,Transf,0225147787/00010,,,"-87,744","1,601,328",ORM1,2000,87.74-,Thursday
,9/4/2025,Transf,0225157496/00010,,,"-350,976","1,250,352",CRE1,2000,350.98-,Thursday
,9/4/2025,Transf,0225165848/00010,,,"-142,584","1,107,768",FEN1,2000,142.58-,Thursday
,9/9/2025,Transf,0225139594/00010,,,"-153,552","954,216",SEC2,2000,153.55-,Tuesday
,9/11/2025,P.R,0225140160/00010,,,"1,184,544","2,138,760",,2000,1184.54,Thursday
,9/11/2025,Transf,0225098229/00010,,,"-263,232","1,875,528",ORM2,2000,263.23-,Thursday
,9/11/2025,Transf,0225098381/00010,,,"-120,648","1,754,880",WOO1,2000,120.65-,Thursday
,9/11/2025,Transf,0225098542/00010,,,"-76,776","1,678,104",LAN1,2000,76.78-,Thursday
,9/11/2025,Transf,0225098601/00010,,,"-142,584","1,535,520",FEN1,2000,142.58-,Thursday
,9/11/2025,Transf,0225147788/00010,,,"-76,776","1,458,744",ORM1,2000,76.78-,Thursday
,9/11/2025,Transf,0225157497/00010,,,"-383,880","1,074,864",CRE1,2000,383.88-,Thursday
,9/11/2025,Transf,0225165824/00010,,,"-186,456","888,408",LOC1,2000,186.46-,Thursday
,9/16/2025,P.R,0225140149/00010,,,"1,579,392","2,467,800",,2000,1579.39,Tuesday
,9/16/2025,Transf,0225157518/00010,,,"-153,552","2,314,248",SEC2,2000,153.55-,Tuesday
,9/18/2025,Transf,0225098230/00010,,,"-263,232","2,051,016",ORM2,2000,263.23-,Thursday
,9/18/2025,Transf,0225098436/00010,,,"-383,880","1,667,136",CRE1,2000,383.88-,Thursday
,9/18/2025,Transf,0225098543/00010,,,"-76,776","1,590,360",LAN1,2000,76.78-,Thursday
,9/18/2025,Transf,0225099084/00010,,,"-76,776","1,513,584",ORM1,2000,76.78-,Thursday
,9/18/2025,Transf,0225147661/00010,,,"-120,648","1,392,936",WOO1,2000,120.65-,Thursday
,9/18/2025,Transf,0225165825/00010,,,"-197,424","1,195,512",LOC1,2000,197.42-,Thursday
,9/18/2025,Transf,0225165849/00010,,,"-153,552","1,041,960",FEN1,2000,153.55-,Thursday
,9/23/2025,Transf,0225139596/00010,,,"-153,552","888,408",SEC2,2000,153.55-,Tuesday
,9/25/2025,P.R,0225140162/00010,,,"1,579,392","2,467,800",,2000,1579.39,Thursday
,9/25/2025,Transf,0225098231/00010,,,"-263,232","2,204,568",ORM2,2000,263.23-,Thursday
,9/25/2025,Transf,0225098383/00010,,,"-120,648","2,083,920",WOO1,2000,120.65-,Thursday
,9/25/2025,Transf,0225098544/00010,,,"-76,776","2,007,144",LAN1,2000,76.78-,Thursday
,9/25/2025,Transf,0225098651/00010,,,"-186,456","1,820,688",LOC1,2000,186.46-,Thursday
,9/25/2025,Transf,0225147700/00010,,,"-142,584","1,678,104",FEN1,2000,142.58-,Thursday
,9/25/2025,Transf,0225147789/00010,,,"-87,744","1,590,360",ORM1,2000,87.74-,Thursday
,9/25/2025,Transf,0225157498/00010,,,"-372,912","1,217,448",CRE1,2000,372.91-,Thursday
,9/30/2025,Transf,0225139597/00010,,,"-153,552","1,063,896",SEC2,2000,153.55-,Tuesday
,10/2/2025,P.R,0225140163/00010,,,"1,184,544","2,248,440",,2000,1184.54,Thursday
,10/2/2025,Transf,0225098232/00010,,,"-263,232","1,985,208",ORM2,2000,263.23-,Thursday
,10/2/2025,Transf,0225098384/00010,,,"-120,648","1,864,560",WOO1,2000,120.65-,Thursday
,10/2/2025,Transf,0225098545/00010,,,"-76,776","1,787,784",LAN1,2000,76.78-,Thursday
,10/2/2025,Transf,0225098604/00010,,,"-142,584","1,645,200",FEN1,2000,142.58-,Thursday
,10/2/2025,Transf,0225147790/00010,,,"-76,776","1,568,424",ORM1,2000,76.78-,Thursday
,10/2/2025,Transf,0225157499/00010,,,"-383,880","1,184,544",CRE1,2000,383.88-,Thursday
,10/2/2025,Transf,0225165826/00010,,,"-186,456","998,088",LOC1,2000,186.46-,Thursday
,10/7/2025,P.R,0225140164/00010,,,"1,974,240","2,972,328",,2000,1974.24,Tuesday
,10/7/2025,Transf,0225139598/00010,,,"-153,552","2,818,776",SEC2,2000,153.55-,Tuesday
,10/9/2025,Transf,0225098385/00010,,,"-120,648","2,698,128",WOO1,2000,120.65-,Thursday
,10/9/2025,Transf,0225098546/00010,,,"-76,776","2,621,352",LAN1,2000,76.78-,Thursday
,10/9/2025,Transf,0225098605/00010,,,"-142,584","2,478,768",FEN1,2000,142.58-,Thursday
,10/9/2025,Transf,0225147742/00010,,,"-263,232","2,215,536",ORM2,2000,263.23-,Thursday
,10/9/2025,Transf,0225147791/00010,,,"-87,744","2,127,792",ORM1,2000,87.74-,Thursday
,10/9/2025,Transf,0225157500/00010,,,"-307,104","1,820,688",CRE1,2000,307.10-,Thursday
,10/9/2025,Transf,0225165827/00010,,,"-208,392","1,612,296",LOC1,2000,208.39-,Thursday
,10/14/2025,Transf,0225139599/00010,,,"-153,552","1,458,744",SEC2,2000,153.55-,Tuesday
,10/16/2025,P.R,0225140165/00010,,,"789,696","2,248,440",,2000,789.70,Thursday
,10/16/2025,Transf,0225098386/00010,,,"-120,648","2,127,792",WOO1,2000,120.65-,Thursday
,10/16/2025,Transf,0225098547/00010,,,"-76,776","2,051,016",LAN1,2000,76.78-,Thursday
,10/16/2025,Transf,0225098654/00010,,,"-197,424","1,853,592",LOC1,2000,197.42-,Thursday
,10/16/2025,Transf,0225147792/00010,,,"-76,776","1,776,816",ORM1,2000,76.78-,Thursday
,10/16/2025,Transf,0225157501/00010,,,"-318,072","1,458,744",CRE1,2000,318.07-,Thursday
,10/16/2025,Transf,0225165774/00010,,,"-252,264","1,206,480",ORM2,2000,252.26-,Thursday
,10/16/2025,Transf,0225165850/00010,,,"-142,584","1,063,896",FEN1,2000,142.58-,Thursday
,10/21/2025,Transf,0225139600/00010,,,"-153,552","910,344",SEC2,2000,153.55-,Tuesday
,10/23/2025,P.R,0225140166/00010,,,"1,184,544","2,094,888",,2000,1184.54,Thursday
,10/23/2025,Transf,0225098548/00010,,,"-76,776","2,018,112",LAN1,2000,76.78-,Thursday
,10/23/2025,Transf,0225098655/00010,,,"-197,424","1,820,688",LOC1,2000,197.42-,Thursday
,10/23/2025,Transf,0225147662/00010,,,"-120,648","1,700,040",WOO1,2000,120.65-,Thursday
,10/23/2025,Transf,0225147793/00010,,,"-87,744","1,612,296",ORM1,2000,87.74-,Thursday
,10/23/2025,Transf,0225157502/00010,,,"-307,104","1,305,192",CRE1,2000,307.10-,Thursday
,10/23/2025,Transf,0225165775/00010,,,"-263,232","1,041,960",ORM2,2000,263.23-,Thursday
,10/23/2025,Transf,0225165851/00010,,,"-153,552","888,408",FEN1,2000,153.55-,Thursday
,10/28/2025,P.R,0225140161/00010,,,"1,579,392","2,467,800",,2000,1579.39,Tuesday
,10/28/2025,Transf,0225139601/00010,,,"-153,552","2,314,248",SEC2,2000,153.55-,Tuesday
,10/30/2025,Transf,0225098236/00010,,,"-263,232","2,051,016",ORM2,2000,263.23-,Thursday
,10/30/2025,Transf,0225098388/00010,,,"-120,648","1,930,368",WOO1,2000,120.65-,Thursday
,10/30/2025,Transf,0225098549/00010,,,"-76,776","1,853,592",LAN1,2000,76.78-,Thursday
,10/30/2025,Transf,0225098608/00010,,,"-142,584","1,711,008",FEN1,2000,142.58-,Thursday
,10/30/2025,Transf,0225098656/00010,,,"-197,424","1,513,584",LOC1,2000,197.42-,Thursday
,10/30/2025,Transf,0225147794/00010,,,"-76,776","1,436,808",ORM1,2000,76.78-,Thursday
,10/30/2025,Transf,0225157503/00010,,,"-318,072","1,118,736",CRE1,2000,318.07-,Thursday
,11/4/2025,Transf,0225139602/00010,,,"-153,552","965,184",SEC2,2000,153.55-,Tuesday
,11/6/2025,P.R,0225140168/00010,,,"1,184,544","2,149,728",,2000,1184.54,Thursday
,11/6/2025,Transf,0225098237/00010,,,"-263,232","1,886,496",ORM2,2000,263.23-,Thursday
,11/6/2025,Transf,0225098389/00010,,,"-120,648","1,765,848",WOO1,2000,120.65-,Thursday
,11/6/2025,Transf,0225098443/00010,,,"-296,136","1,469,712",CRE1,2000,296.14-,Thursday
,11/6/2025,Transf,0225098550/00010,,,"-76,776","1,392,936",LAN1,2000,76.78-,Thursday
,11/6/2025,Transf,0225098657/00010,,,"-197,424","1,195,512",LOC1,2000,197.42-,Thursday
,11/6/2025,Transf,0225099091/00010,,,"-76,776","1,118,736",ORM1,2000,76.78-,Thursday
,11/6/2025,Transf,0225147702/00010,,,"-131,616","987,120",FEN1,2000,131.62-,Thursday
,11/11/2025,Transf,0225157519/00010,,,"-164,520","822,600",SEC2,2000,164.52-,Tuesday
,11/13/2025,P.R,0225140138/00010,,,"1,184,544","2,007,144",,2000,1184.54,Thursday
,11/13/2025,Transf,0225098390/00010,,,"-120,648","1,886,496",WOO1,2000,120.65-,Thursday
,11/13/2025,Transf,0225098444/00010,,,"-296,136","1,590,360",CRE1,2000,296.14-,Thursday
,11/13/2025,Transf,0225098551/00010,,,"-76,776","1,513,584",LAN1,2000,76.78-,Thursday
,11/13/2025,Transf,0225098658/00010,,,"-186,456","1,327,128",LOC1,2000,186.46-,Thursday
,11/13/2025,Transf,0225147744/00010,,,"-263,232","1,063,896",ORM2,2000,263.23-,Thursday
,11/13/2025,Transf,0225147795/00010,,,"-76,776","987,120",ORM1,2000,76.78-,Thursday
,11/13/2025,Transf,0225165852/00010,,,"-131,616","855,504",FEN1,2000,131.62-,Thursday
,11/18/2025,P.R,0225140170/00010,,,"1,579,392","2,434,896",,2000,1579.39,Tuesday
,11/18/2025,Transf,0225157520/00010,,,"-153,552","2,281,344",SEC2,2000,153.55-,Tuesday
,11/20/2025,Transf,0225098391/00010,,,"-120,648","2,160,696",WOO1,2000,120.65-,Thursday
,11/20/2025,Transf,0225147766/00010,,,"-197,424","1,963,272",LOC1,2000,197.42-,Thursday
,11/20/2025,Transf,0225147796/00010,,,"-65,808","1,897,464",ORM1,2000,65.81-,Thursday
,11/20/2025,Transf,0225157504/00010,,,"-296,136","1,601,328",CRE1,2000,296.14-,Thursday
,11/20/2025,Transf,0225165776/00010,,,"-252,264","1,349,064",ORM2,2000,252.26-,Thursday
,11/20/2025,Transf,0225165808/00010,,,"-65,808","1,283,256",LAN1,2000,65.81-,Thursday
,11/20/2025,Transf,0225165853/00010,,,"-142,584","1,140,672",FEN1,2000,142.58-,Thursday
,11/25/2025,Transf,0225139605/00010,,,"-153,552","987,120",SEC2,2000,153.55-,Tuesday
,11/27/2025,P.R,0225140171/00010,,,"1,184,544","2,171,664",,2000,1184.54,Thursday
,11/27/2025,Transf,0225098392/00010,,,"-120,648","2,051,016",WOO1,2000,120.65-,Thursday
,11/27/2025,Transf,0225098553/00010,,,"-76,776","1,974,240",LAN1,2000,76.78-,Thursday
,11/27/2025,Transf,0225099094/00010,,,"-76,776","1,897,464",ORM1,2000,76.78-,Thursday
,11/27/2025,Transf,0225147704/00010,,,"-131,616","1,765,848",FEN1,2000,131.62-,Thursday
,11/27/2025,Transf,0225147767/00010,,,"-186,456","1,579,392",LOC1,2000,186.46-,Thursday
,11/27/2025,Transf,0225157505/00010,,,"-307,104","1,272,288",CRE1,2000,307.10-,Thursday
,11/27/2025,Transf,0225165777/00010,,,"-263,232","1,009,056",ORM2,2000,263.23-,Thursday
,12/2/2025,P.R,0225140172/00010,,,"1,974,240","2,983,296",,2000,1974.24,Tuesday
,12/2/2025,Transf,0225157521/00010,,,"-208,392","2,774,904",SEC2,2000,208.39-,Tuesday
,12/4/2025,Transf,0225098241/00010,,,"-350,976","2,423,928",ORM2,2000,350.98-,Thursday
,12/4/2025,Transf,0225098393/00010,,,"-164,520","2,259,408",WOO1,2000,164.52-,Thursday
,12/4/2025,Transf,0225098447/00010,,,"-394,848","1,864,560",CRE1,2000,394.85-,Thursday
,12/4/2025,Transf,0225099095/00010,,,"-98,712","1,765,848",ORM1,2000,98.71-,Thursday
,12/4/2025,Transf,0225165809/00010,,,"-109,680","1,656,168",LAN1,2000,109.68-,Thursday
,12/4/2025,Transf,0225165828/00010,,,"-252,264","1,403,904",LOC1,2000,252.26-,Thursday
,12/4/2025,Transf,0225165854/00010,,,"-175,488","1,228,416",FEN1,2000,175.49-,Thursday
